file,ascii_bits,fixed_bits,huffman_bits,runtime,ratio_ascii,ratio_fixed,decoded_ok
alice29,1187848,1039367,676374,0.09804487228393555,0.5694112378014695,0.6507557003445367,True
pride_prej,5829712,5100998,3286515,0.6720788478851318,0.5637525490109975,0.6442886274411399,True
DNA_sequence,8133336,3050001,2299609,0.44730424880981445,0.28273871877419054,0.7539699167311749,True
wiki_huff,265952,232708,163288,0.031851768493652344,0.6139754542173024,0.7016862333912027,True
